id,company_name,type,title,confidence,status,grade,specificity,novelty,actionability,grade_reasoning,created_at
0aa68d9e-629c-4371-a0fa-c827a4878788,OpenAI,RISK,OpenAI is facing significant regulatory scrutiny and potential fines due to its business practices.,0.65,ACTIVE,B,4,2,4,"The hypothesis combines existing signals about regulatory scrutiny and potential fines, but does not add a new or bold claim, thus falling short of a decision-changing insight.",2026-06-16T12:10:38.791663+00:00
883d719d-e95c-489f-ad7b-0310be31bad4,OpenAI,RISK,"OpenAI's aggressive pricing strategy may lead to a price war with Anthropic, potentially harming its market share and revenue.",0.6,ACTIVE,B,4,2,4,"The hypothesis combines signals about OpenAI's pricing strategy and its competition with Anthropic, but the prediction is somewhat generic and not entirely new.",2026-06-16T12:10:39.661672+00:00
5f7a7572-2557-4745-863c-c1a2fc60b267,accenture,GO_TO_MARKET_EXPANSION,"Accenture is aggressively expanding its go-to-market capabilities into the creator economy, social commerce, and influencer marketing to capture new digital revenue streams and maintain relevance.",0.65,ACTIVE,B,4,4,4,"The hypothesis provides a clear direction for Accenture's expansion into the creator economy, but lacks a bold and specific claim that could change a CEO's decision immediately.",2026-06-17T09:36:17.182949+00:00
9185c2ff-d89b-4f3c-85e5-9d6e2f7971ce,accenture,EXPANSION,"Accenture is prioritizing aggressive investment and capability development in AI to solidify its market leadership and drive future growth, even while facing broader market pressures and financial scrutiny.",0.6,ACTIVE,B,4,4,4,"The hypothesis provides a clear direction on Accenture's AI strategy, but lacks a bold, specific claim that could change a CEO's decision immediately.",2026-06-17T09:36:18.183119+00:00
52aa8e07-d581-4bd7-8a36-e958282d8674,accenture,COST_CUTTING,"Accenture is implementing flexible compensation strategies to manage its fixed cost base and maintain financial agility, while still attempting to reward employees amidst a challenging economic outlook.",0.55,ACTIVE,B,4,4,4,"The hypothesis provides a clear and specific insight into Accenture's compensation strategy, combining signals in a non-obvious way to predict a potential trade-off between financial flexibility and employee satisfaction.",2026-06-17T09:36:18.97132+00:00
b394ebbb-6ae2-41ee-9593-e042d13d5839,Razorpay,EXPANSION,"Razorpay is strategically pursuing an Initial Public Offering (IPO) to secure substantial growth capital and achieve public market validation, positioning itself for accelerated expansion and liquidity for existing investors.",0.7,ACTIVE,B,4,4,4,"The hypothesis provides a clear and specific prediction about Razorpay's IPO, but lacks a direct reference to counter-evidence, which would make it a more compelling 'A' grade insight.",2026-06-17T09:37:11.017587+00:00
a3620209-a4a1-4d5f-896f-474b83c619f4,Razorpay,GO_TO_MARKET_EXPANSION,"Razorpay is enhancing its value proposition and market penetration within specific high-growth merchant segments (like D2C) by integrating advanced, value-added services beyond core payment processing to drive deeper engagement and retention.",0.5,ACTIVE,B,4,4,4,"The hypothesis accurately predicts Razorpay's strategy of expanding its value proposition through non-payment services, but lacks a bold and specific claim that could change a CEO's decision immediately.",2026-06-17T09:37:11.931826+00:00
cfef3da6-435c-4fc0-954e-183646fe29f1,Deloitte,EXPANSION,"Deloitte is aggressively pivoting its core consulting offerings to be AI-led, integrating advanced AI capabilities and strategic partnerships to deliver transformative solutions and capture market leadership.",0.65,ACTIVE,B,4,4,4,"The hypothesis provides a clear direction for Deloitte's future strategy, but lacks a bold and specific claim that could change a CEO's decision immediately.",2026-06-17T09:38:03.745647+00:00
8ead2983-3fc3-49f6-8d77-39583aa6c03c,Deloitte,GEOGRAPHIC_EXPANSION,"Deloitte is strategically centralizing and scaling its AI delivery capabilities through dedicated global hubs, primarily in emerging markets, to optimize for efficiency, specialized talent access, and cost-effectiveness.",0.6,ACTIVE,B,4,4,4,"The hypothesis provides a clear direction for Deloitte's AI delivery strategy, but lacks a bold and specific claim that could change a CEO's decision immediately.",2026-06-17T09:38:04.636952+00:00
ac6e9cd5-8bcf-484b-93d0-21a09a5dbcb0,Deloitte,GO_TO_MARKET_EXPANSION,"Deloitte is expanding its service portfolio beyond traditional strategic advisory to encompass deeper technology implementation, cybersecurity, and IT infrastructure management, aiming to become a comprehensive digital transformation partner.",0.55,ACTIVE,B,4,4,4,"The hypothesis accurately predicts a potential strategic move by Deloitte, but lacks a bold and specific claim that could change a CEO's decision immediately.",2026-06-17T09:38:05.43031+00:00
123cd9c4-3f2e-41a4-827f-8686270ca052,McKinsey & Company,PRODUCT_PIVOT,"McKinsey is aggressively integrating AI into its internal operations and service delivery to enhance efficiency and accelerate insight generation, fundamentally shifting its delivery model.",0.65,ACTIVE,B,4,4,4,"The hypothesis accurately describes McKinsey's potential shift towards AI-driven service delivery, but lacks a bold and specific claim that could change a CEO's decision immediately.",2026-06-17T09:39:18.86643+00:00
398be501-7084-44de-aebd-80d8311743cf,McKinsey & Company,PRODUCT_PIVOT,"McKinsey is strategically positioning itself as the leading advisor for enterprise-wide AI transformation, pivoting its core offering beyond traditional operational excellence to guide clients through fundamental AI-driven shifts.",0.6,ACTIVE,B,4,4,4,"The hypothesis provides a clear direction for McKinsey's AI strategy, but the prediction is somewhat generic and could apply to other companies in the sector, limiting its specificity and novelty.",2026-06-17T09:39:19.847759+00:00
a20fe13d-38bf-48af-b1cc-ff9215e9bfe0,McKinsey & Company,EXPANSION,"McKinsey is actively restructuring its talent acquisition, development, and retention strategies to cultivate an AI-native workforce capable of delivering advanced AI-driven solutions, expanding its human capital capabilities.",0.55,ACTIVE,B,4,4,4,"The hypothesis accurately captures McKinsey's likely shift towards AI-driven solutions, but lacks a bold and specific claim that could change a CEO's decision immediately.",2026-06-17T09:39:20.871795+00:00
2be84109-d928-4cd0-88bc-c999dae62790,Databricks,EXPANSION,Databricks is prioritizing market share and growth over short-term profitability to achieve a successful IPO.,0.65,ACTIVE,B,4,4,4,"The hypothesis accurately synthesizes Databricks' growth trajectory, strategic acquisitions, and product development, but could be more decision-changing with additional context or evidence.",2026-06-17T09:39:24.878094+00:00
